<resources>
  <sprite name="font_glyphs">
    <image name="image1" file="images/verdana32_blue.png"><alpha /></image>
  </sprite>

  <sprite name="font_glyphsh">
    <image name="image1" file="images/verdana32_blueh.png"><alpha /></image>
  </sprite>

  <font name="font">
    <bitmap glyphs="font_glyphs" letters="!_#$%&'()*+,-./0123456789:;<=>?@ABCDEFGHIJKLMNOPQRSTUVWXYZ[\]^_`abcdefghijklmnopqrstuvwxyz{|}~" />
  </font>

  <font name="font_h">
    <bitmap glyphs="font_glyphsh" letters="!_#$%&'()*+,-./0123456789:;<=>?@ABCDEFGHIJKLMNOPQRSTUVWXYZ[\]^_`abcdefghijklmnopqrstuvwxyz{|}~" />
  </font>

  <sprite name="menu_glyphs">
    <image file="images/verdana48_blue.png"><alpha /></image>
  </sprite>

  <sprite name="menu_glyphsh">
    <image file="images/verdana48_blueh.png"><alpha /></image>
  </sprite>

  <font name="menu">
    <bitmap glyphs="menu_glyphs" letters="!_#$%&'()*+,-./0123456789:;<=>?@ABCDEFGHIJKLMNOPQRSTUVWXYZ[\]^_`abcdefghijklmnopqrstuvwxyz{|}~" />
  </font>

  <font name="menu_h">
    <bitmap glyphs="menu_glyphsh" letters="!_#$%&'()*+,-./0123456789:;<=>?@ABCDEFGHIJKLMNOPQRSTUVWXYZ[\]^_`abcdefghijklmnopqrstuvwxyz{|}~" />
  </font>

  <section name="brush">
    <sprite name="light">
      <image file="images/light.png" />
      <translation origin="bottom_center" />
    </sprite>
    <sprite name="exit">
      <image file="images/exit.png" />
    </sprite>
  </section>

  <sprite name="copyright_glyphs">
    <image file="images/verdana11_blue.png"><alpha /></image>
  </sprite>

  <font name="copyright">
    <bitmap glyphs="copyright_glyphs" letters="!_#$%&'()*+,-./0123456789:;<=>?@ABCDEFGHIJKLMNOPQRSTUVWXYZ[\]^_`abcdefghijklmnopqrstuvwxyz{|}~" />
  </font>

  <sprite name="door">
    <image file="images/door.png"></image>
  </sprite>

  <section name="powerup">
    <sprite name="flash">
      <image file="images/powerup/flash.png" name="image1" />
    </sprite>
    <sprite name="laser">
      <image file="images/powerup/laser.png" name="image1" />
    </sprite>
    <sprite name="powerup">
      <image file="images/powerup/powerup.png" name="image1" />
    </sprite>
    <sprite name="shild">
      <image file="images/powerup/shild.png" name="image1" />
    </sprite>
    <sprite name="spread">
      <image file="images/powerup/spread.png" name="image1" />
    </sprite>
  </section>
  <section name="lights">
    <sprite name="light1">
      <image file="images/light1.png" name="image1" />
    </sprite>
    <sprite name="light2">
      <image file="images/light2.png" name="image1" />
    </sprite>
    <sprite name="light3">
      <image file="images/light3.png" name="image1" />
    </sprite>
  </section>

  <sprite name="energiebar">
    <image file="images/energiebar.png" name="image1" />
  </sprite>

  <sprite name="igel_die">
    <animation speed="70" loop="no" />
    <translation origin="bottom_center" />

    <image file="images/igel_die1.png" />
    <image file="images/igel_die2.png" />
    <image file="images/igel_die3.png" />
    <image file="images/igel_die4.png" />
    <image file="images/igel_die5.png" />
  </sprite>

  <sprite name="igel">
    <animation speed="100" />
    <image file="images/igel.png" name="image1" />
    <image file="images/igel1.png" name="image2" />
    <translation origin="bottom_center" />
  </sprite>

  <sprite name="watersplash">
    <image file="images/watersplash.png" name="image1" />
    <translation origin="bottom_center" />
  </sprite>

  <sprite name="diamond">
    <animation
      speed="50"
      loop="yes"
      pingpong="yes" />

    <image file="images/diamond/diamond1.png"  name="image1" />
    <image file="images/diamond/diamond2.png"  name="image2" />
    <image file="images/diamond/diamond3.png"  name="image3" />
    <image file="images/diamond/diamond4.png"  name="image4" />
    <image file="images/diamond/diamond5.png"  name="image5" />
    <image file="images/diamond/diamond6.png"  name="image6" />
    <image file="images/diamond/diamond7.png"  name="image7" />
    <image file="images/diamond/diamond8.png"  name="image8" />
    <image file="images/diamond/diamond9.png"  name="image9" />
    <image file="images/diamond/diamond10.png" name="image10" />
    <image file="images/diamond/diamond11.png" name="image11" />
  </sprite>
  
  <section name="hero">
    <description name="run1" play_speed="30">
      <image file="images/hero_run/hero-9.png" name="image1" />
      <image file="images/hero_run/hero-8.png" name="image2" />
      <image file="images/hero_run/hero-7.png" name="image3" />
      <image file="images/hero_run/hero-6.png" name="image4" />
      <image file="images/hero_run/hero-5.png" name="image5" />
      <image file="images/hero_run/hero-4.png" name="image6" />
      <image file="images/hero_run/hero-3.png" name="image7" />
      <image file="images/hero_run/hero-2.png" name="image8" />
      <image file="images/hero_run/hero-1.png" name="image9" />
      <image file="images/hero_run/hero-0.png" name="image10" />
    </description>
    
    <sprite name="dead">
      <translation origin="top_left" x="-200" y="120"/>
      <image file="images/hero_dead/0032.png" />
    </sprite>
    
    <sprite name="kill">
      <animation speed="35" loop="no" />
      <translation origin="top_left" x="-200" y="120"/>
      <image file="images/hero_dead/0001.png" />
      <image file="images/hero_dead/0001.png" />
      <image file="images/hero_dead/0002.png" />
      <image file="images/hero_dead/0003.png" />
      <image file="images/hero_dead/0004.png" />
      <image file="images/hero_dead/0005.png" />
      <image file="images/hero_dead/0006.png" />
      <image file="images/hero_dead/0007.png" />
      <image file="images/hero_dead/0008.png" />
      <image file="images/hero_dead/0009.png" />
      <image file="images/hero_dead/0010.png" />
      <image file="images/hero_dead/0011.png" />
      <image file="images/hero_dead/0012.png" />
      <image file="images/hero_dead/0013.png" />
      <image file="images/hero_dead/0014.png" />
      <image file="images/hero_dead/0015.png" />
      <image file="images/hero_dead/0016.png" />
      <image file="images/hero_dead/0017.png" />
      <image file="images/hero_dead/0018.png" />
      <image file="images/hero_dead/0019.png" />
      <image file="images/hero_dead/0020.png" />
      <image file="images/hero_dead/0021.png" />
      <image file="images/hero_dead/0022.png" />
      <image file="images/hero_dead/0023.png" />
      <image file="images/hero_dead/0024.png" />
      <image file="images/hero_dead/0025.png" />
      <image file="images/hero_dead/0026.png" />
      <image file="images/hero_dead/0027.png" />
      <image file="images/hero_dead/0028.png" />
      <image file="images/hero_dead/0029.png" />
      <image file="images/hero_dead/0030.png" />
      <image file="images/hero_dead/0031.png" />
      <image file="images/hero_dead/0032.png" />
    </sprite>

    <sprite name="run" play_speed="30">
      <image file="images/hero_run/hero-9.png" name="image1" />
      <image file="images/hero_run/hero-8.png" name="image2" />
      <image file="images/hero_run/hero-7.png" name="image3" />
      <image file="images/hero_run/hero-6.png" name="image4" />
      <image file="images/hero_run/hero-5.png" name="image5" />
      <image file="images/hero_run/hero-4.png" name="image6" />
      <image file="images/hero_run/hero-3.png" name="image7" />
      <image file="images/hero_run/hero-2.png" name="image8" />
      <image file="images/hero_run/hero-1.png" name="image9" />
      <image file="images/hero_run/hero-0.png" name="image10" />
    </sprite>

    <sprite name="portrait">
      <image file="images/portrait.png" name="image1" /> 
    </sprite>

    <sprite name="sit">
      <image file="images/hero_sit.png" name="image1" /> 
      <translation origin="bottom_center" x="0"  y="5" />
    </sprite>

    <sprite name="jump">
      <image file="images/hero_jump.png" name="image1" /> 
    </sprite>

    <sprite name="stand">
      <image file="images/hero_stand.png" name="image1" />
    </sprite>
  </section>

  <sprite name="bomb">
    <animation speed="200" />
    <translation origin="bottom_center" />
    <image file="images/bomb.png" name="image1" />
    <image file="images/bomb1.png" name="image2" />
  </sprite>

  <sprite name="explo">
    <animation speed="60" loop="no" />
    <translation origin="bottom_center" />
    <image file="images/explosion.png" name="image1">
      <grid array="6,1" size="64,98" />
    </image>
  </sprite>

  <section name="turrican">
    <sprite name="jump">
      <image file="images/sprite_jump_east.png" name="image1" translation_hotspot="top_left,29,82" />
    </sprite>
    <sprite name="walk">
      <image file="images/turrican_jump_east.png" name="image1" />
    </sprite>
    <sprite name="shild" play_speed="50">
      <image file="images/shild/frame1.png" name="image1" />
      <image file="images/shild/frame2.png" name="image2" />
    </sprite>
    <sprite name="sit" translation_hotspot="top_left,29,90">
      <image file="images/hero_sit.png" name="image1" />
    </sprite>
    <sprite name="roll" translation_hotspot="top_left,29,82">
      <image file="images/turrican_roll/frame1.png"
        name="image1" />
      <image file="images/turrican_roll/frame2.png"
        name="image2" />
      <image file="images/turrican_roll/frame3.png"
        name="image3" />
      <image file="images/turrican_roll/frame4.png"
        name="image4" />
    </sprite>
    <sprite name="stand" translation_hotspot="top_left,29,82">
      <image file="images/turrican_stand_east.png" name="image1" />
    </sprite>
    <sprite name="walk" translation_hotspot="top_left,32,74">
      <image file="images/turrican_walk/frame1.png"
        name="image1" />
      <image file="images/turrican_walk/frame2.png"
        name="image2" />
      <image file="images/turrican_walk/frame3.png"
        name="image3" />
      <image file="images/turrican_walk/frame4.png"
        name="image4" />
      <image file="images/turrican_walk/frame5.png"
        name="image5" />
      <image file="images/turrican_walk/frame6.png"
        name="image6" />
      <image file="images/turrican_walk/frame7.png"
        name="image7" />
      <image file="images/turrican_walk/frame8.png"
        name="image8" />
      <image file="images/turrican_walk/frame9.png"
        name="image9" />
      <image file="images/turrican_walk/frame10.png"
        name="image10" />
      <image file="images/turrican_walk/frame11.png"
        name="image11" />
      <image file="images/turrican_walk/frame12.png"
        name="image12" />
      <image file="images/turrican_walk/frame13.png"
        name="image13" />
      <image file="images/turrican_walk/frame14.png"
        name="image14" />
    </sprite>
    <sprite name="surround" translation_hotspot="top_left,39,86">
      <image file="images/turrican_surround/frame1.png"
        name="image1" />
      <image file="images/turrican_surround/frame2.png"
        name="image2" />
      <image file="images/turrican_surround/frame3.png"
        name="image3" />
      <image file="images/turrican_surround/frame4.png"
        name="image4" />
      <image file="images/turrican_surround/frame5.png"
        name="image5" />
      <image file="images/turrican_surround/frame6.png"
        name="image6" />
      <image file="images/turrican_surround/frame7.png"
        name="image7" />
      <image file="images/turrican_surround/frame8.png"
        name="image8" />
      <image file="images/turrican_surround/frame9.png"
        name="image9" />
      <image file="images/turrican_surround/frame10.png"
        name="image10" />
      <image file="images/turrican_surround/frame11.png"
        name="image11" />
      <image file="images/turrican_surround/frame12.png"
        name="image12" />
      <image file="images/turrican_surround/frame13.png"
        name="image13" />
      <image file="images/turrican_surround/frame14.png"
        name="image14" />
      <image file="images/turrican_surround/frame15.png"
        name="image15" />
      <image file="images/turrican_surround/frame16.png"
        name="image16" />
      <image file="images/turrican_surround/frame17.png"
        name="image17" />
      <image file="images/turrican_surround/frame18.png"
        name="image18" />
      <image file="images/turrican_surround/frame19.png"
        name="image19" />
      <image file="images/turrican_surround/frame20.png"
        name="image20" />
      <image file="images/turrican_surround/frame21.png"
        name="image21" />
      <image file="images/turrican_surround/frame22.png"
        name="image22" />
      <image file="images/turrican_surround/frame23.png"
        name="image23" />
      <image file="images/turrican_surround/frame24.png"
        name="image24" />
      <image file="images/turrican_surround/frame25.png"
        name="image25" />
      <image file="images/turrican_surround/frame26.png"
        name="image26" />
      <image file="images/turrican_surround/frame27.png"
        name="image27" />
      <image file="images/turrican_surround/frame28.png"
        name="image28" />
      <image file="images/turrican_surround/frame29.png"
        name="image29" />
      <image file="images/turrican_surround/frame30.png"
        name="image30" />
    </sprite>
  </section>
  <section name="shoot">
    <section name="laser">
      <sprite name="stage1">
        <image file="images/shoot/laser/stage1.png"
          name="image1" />
      </sprite>
      <sprite name="stage2">
        <image file="images/shoot/laser/stage2.png"
          name="image1" />
      </sprite>
      <sprite name="stage3">
        <image file="images/shoot/laser/stage3.png"
          name="image1" />
      </sprite>
      <sprite name="stage4">
        <image file="images/shoot/laser/stage4.png"
          name="image1" />
      </sprite>
      <sprite name="stage5">
        <image file="images/shoot/laser/stage5.png"
          name="image1" />
      </sprite>
    </section>
    <sprite name="explosion">
      <image file="images/shoot/explosion/frame1.png"
        name="image1" />
      <image file="images/shoot/explosion/frame2.png"
        name="image2" />
      <image file="images/shoot/explosion/frame3.png"
        name="image3" />
      <image file="images/shoot/explosion/frame4.png"
        name="image4" />
      <image file="images/shoot/explosion/frame5.png"
        name="image5" />
      <image file="images/shoot/explosion/frame6.png"
        name="image6" />
      <image file="images/shoot/explosion/frame7.png"
        name="image7" />
    </sprite>
    <sprite name="default">
      <image file="images/shoot_default.png" name="image1" />
    </sprite>
    <sprite name="bounce">
      <image file="images/shoot/bounce/stage2.png" name="image1" />
    </sprite>
  </section>
  <section name="tiles">

    <sprite name="tile10">
      <image file="images/tiles/tile10.png" name="image1" />
    </sprite>
    <sprite name="tile11">
      <image file="images/tiles/tile11.png" name="image1" />
    </sprite>
    <sprite name="tile12">
      <image file="images/tiles/tile12.png" name="image1" />
    </sprite>
    <sprite name="tile13">
      <image file="images/tiles/tile13.png" name="image1" />
    </sprite>
    <sprite name="tile14">
      <image file="images/tiles/tile14.png" name="image1" />
    </sprite>
    <sprite name="tile15">
      <image file="images/tiles/tile15.png" name="image1" />
    </sprite>
    <sprite name="tile16">
      <image file="images/tiles/tile16.png" name="image1" />
    </sprite>
    <sprite name="tile17">
      <image file="images/tiles/tile17.png" name="image1" />
    </sprite>
    <sprite name="tile18">
      <image file="images/tiles/tile18.png" name="image1" />
    </sprite>
    <sprite name="tile19">
      <image file="images/tiles/tile19.png" name="image1" />
    </sprite>
    <sprite name="tile2">
      <image file="images/tiles/tile2.png" name="image1" />
    </sprite>
    <sprite name="tile20">
      <image file="images/tiles/tile20.png" name="image1" />
    </sprite>
    <sprite name="tile21">
      <image file="images/tiles/tile21.png" name="image1" />
    </sprite>
    <sprite name="tile22">
      <image file="images/tiles/tile22.png" name="image1" />
    </sprite>
    <sprite name="tile23">
      <image file="images/tiles/tile23.png" name="image1" />
    </sprite>
    <sprite name="tile24">
      <image file="images/tiles/tile24.png" name="image1" />
    </sprite>
    <sprite name="tile25">
      <image file="images/tiles/tile25.png" name="image1" />
    </sprite>
    <sprite name="tile26">
      <image file="images/tiles/tile26.png" name="image1" />
    </sprite>
    <sprite name="tile27">
      <image file="images/tiles/tile27.png" name="image1" />
    </sprite>
    <sprite name="tile28">
      <image file="images/tiles/tile28.png" name="image1" />
    </sprite>
    <sprite name="tile29">
      <image file="images/tiles/tile29.png" name="image1" />
    </sprite>
    <sprite name="tile3">
      <image file="images/tiles/tile3.png" name="image1" />
    </sprite>
    <sprite name="tile30">
      <image file="images/tiles/tile30.png" name="image1" />
    </sprite>
    <sprite name="tile31">
      <image file="images/tiles/tile31.png" name="image1" />
    </sprite>
    <sprite name="tile32">
      <image file="images/tiles/tile32.png" name="image1" />
    </sprite>
    <sprite name="tile33">
      <image file="images/tiles/tile33.png" name="image1" />
    </sprite>
    <sprite name="tile34">
      <image file="images/tiles/tile34.png" name="image1" />
    </sprite>
    <sprite name="tile35">
      <image file="images/tiles/tile35.png" name="image1" />
    </sprite>
    <sprite name="tile36">
      <image file="images/tiles/tile36.png" name="image1" />
    </sprite>
    <sprite name="air_air_brwn_brwn_1">
      <image file="images/tiles/air_air_brwn_brwn_1.png" name="image1" />
    </sprite>
    <sprite name="tile38">
      <image file="images/tiles/tile38.png" />
    </sprite>
    <sprite name="tile39">
      <image file="images/tiles/tile39.png" name="image1" />
    </sprite>
    <sprite name="tile4">
      <image file="images/tiles/tile4.png" name="image1" />
    </sprite>
    <sprite name="tile40">
      <image file="images/tiles/level1/tile40.png" name="image1" />
    </sprite>
    <sprite name="tile41">
      <image file="images/tiles/level1/tile41.png" name="image1" />
    </sprite>
    <sprite name="tile42">
      <image file="images/tiles/level1/tile42.png" name="image1" />
    </sprite>
    <sprite name="tile43">
      <image file="images/tiles/level1/tile43.png" name="image1" />
    </sprite>
    <sprite name="tile44">
      <image file="images/tiles/level1/tile44.png" name="image1" />
    </sprite>
    <sprite name="tile45">
      <image file="images/tiles/level1/tile45.png" name="image1" />
    </sprite>
    <sprite name="tile46">
      <image file="images/tiles/level1/tile46.png" name="image1" />
    </sprite>
    <sprite name="tile47">
      <image file="images/tiles/level1/tile47.png" name="image1" />
    </sprite>
    <sprite name="tile48">
      <image file="images/tiles/level1/tile48.png" name="image1" />
    </sprite>
    <sprite name="tile49">
      <image file="images/tiles/level1/tile49.png" name="image1" />
    </sprite>
    <sprite name="tile5">
      <image file="images/tiles/tile5.png" name="image1" />
    </sprite>
    <sprite name="tile50">
      <image file="images/tiles/level1/tile50.png" name="image1" />
    </sprite>
    <sprite name="tile51">
      <image file="images/tiles/level1/tile51.png" name="image1" />
    </sprite>
    <sprite name="tile52">
      <image file="images/tiles/level1/tile52.png" name="image1" />
    </sprite>
    <sprite name="tile53">
      <image file="images/tiles/level1/tile53.png" name="image1" />
    </sprite>
    <sprite name="tile54">
      <image file="images/tiles/level1/tile54.png" name="image1" />
    </sprite>
    <sprite name="tile55">
      <image file="images/tiles/level1/tile55.png" name="image1" />
    </sprite>
    <sprite name="tile56">
      <image file="images/tiles/level1/tile56.png" name="image1" />
    </sprite>
    <sprite name="tile57">
      <image file="images/tiles/level1/tile57.png" name="image1" />
    </sprite>
    <sprite name="tile58">
      <image file="images/tiles/level1/tile58.png" name="image1" />
    </sprite>
    <sprite name="tile59">
      <image file="images/tiles/level1/tile59.png" name="image1" />
    </sprite>
    <sprite name="tile6">
      <image file="images/tiles/tile6.png" name="image1" />
    </sprite>
    <sprite name="tile60">
      <image file="images/tiles/level1/tile60.png" name="image1" />
    </sprite>
    <sprite name="tile61">
      <image file="images/tiles/level1/tile61.png" name="image1" />
    </sprite>
    <sprite name="tile62">
      <image file="images/tiles/level1/tile62.png" name="image1" />
    </sprite>
    <sprite name="tile63">
      <image file="images/tiles/level1/tile63.png" name="image1" />
    </sprite>
    <sprite name="tile64">
      <image file="images/tiles/level1/tile64.png" name="image1" />
    </sprite>
    <sprite name="tile65">
      <image file="images/tiles/level1/tile65.png" name="image1" />
    </sprite>
    <sprite name="tile66">
      <image file="images/tiles/level1/tile66.png" name="image1" />
    </sprite>
    <sprite name="tile67">
      <image file="images/tiles/level1/tile67.png" name="image1" />
    </sprite>
    <sprite name="tile68">
      <image file="images/tiles/level1/tile68.png" name="image1" />
    </sprite>
    <sprite name="tile69">
      <image file="images/tiles/level1/tile69.png" name="image1" />
    </sprite>
    <sprite name="tile7">
      <image file="images/tiles/tile7.png" name="image1" />
    </sprite>
    <sprite name="tile71">
      <image file="images/tiles/level1/tile71.png" name="image1" />
    </sprite>
    <sprite name="tile72">
      <image file="images/tiles/level1/tile72.png" name="image1" />
    </sprite>
    <sprite name="tile73">
      <image file="images/tiles/level1/tile73.png" name="image1" />
    </sprite>
    <sprite name="tile75">
      <image file="images/tiles/level1/tile75.png" name="image1" />
    </sprite>
    <sprite name="tile76">
      <image file="images/tiles/level1/tile76.png" name="image1" />
    </sprite>
    <sprite name="tile77">
      <image file="images/tiles/level1/tile77.png" name="image1" />
    </sprite>
    <sprite name="tile8">
      <image file="images/tiles/tile8.png" name="image1" />
    </sprite>
    <sprite name="tile9">
      <image file="images/tiles/tile9.png" name="image1" />
    </sprite>
    <sprite name="water1">
      <image file="images/tiles/level1/water1.png" name="image1" />
    </sprite>
    <sprite name="water2">
      <image file="images/tiles/level1/water2.png" name="image1" />
    </sprite>
    <sprite name="water3">
      <image file="images/tiles/level1/water3.png" name="image1" />
    </sprite>
    <sprite name="water4">
      <image file="images/tiles/level1/water4.png" name="image1" />
    </sprite>
    <sprite name="waterfall">
      <image file="images/tiles/level1/waterfall.png"
        name="image1" />
    </sprite>
    <sprite name="waterfall2">
      <image file="images/tiles/level1/waterfall2.png"
        name="image1" />
    </sprite>
    <sprite name="waterfall3">
      <image file="images/tiles/level1/waterfall3.png"
        name="image1" />
    </sprite>
  </section>

  <sprite name="bonusflyer">
    <image file="images/bonusflyer.png" name="image1" />
  </sprite>
  <sprite name="nebular">
    <image file="images/nebular.png" name="image1" />
  </sprite>
  <sprite name="dog" play_speed="500"
    translation_hotspot="top_left,24,42">
    <image file="images/dog/frame1.png" name="image1" />
    <image file="images/dog/frame2.png" name="image2" />
    <image file="images/dog/frame3.png" name="image3" />
    <image file="images/dog/frame4.png" name="image4" />
  </sprite>

  <sprite name="logo_large">
    <image file="images/logo_large.png" />
  </sprite>

  <sprite name="menu_background">
    <image file="images/menu_background.jpg" />
  </sprite>

  <sprite name="logo">
    <image file="images/logo.png" name="image1" />
  </sprite>
  <sprite name="logo_black">
    <image file="images/logo_black.png" name="image1" />
  </sprite>

  <section name="bonus">
    <sprite name="atspider"><image file="images/bonus/atspider.jpg" /></sprite>
    <sprite name="attack"><image file="images/bonus/attack.jpg" /></sprite>
    <sprite name="ball"><image file="images/bonus/ball.jpg" /></sprite>
    <sprite name="beamtrap"><image file="images/bonus/beamtrap.jpg" /></sprite>
    <sprite name="bike"><image file="images/bonus/bike.jpg" /></sprite>
    <sprite name="bla"><image file="images/bonus/bla.jpg" /></sprite>
    <sprite name="brokencapsule"><image file="images/bonus/brokencapsule.jpg" /></sprite>
    <sprite name="buoy"><image file="images/bonus/buoy.jpg" /></sprite>
    <sprite name="butterfly"><image file="images/bonus/butterfly.jpg" /></sprite>
    <sprite name="canon"><image file="images/bonus/canon.jpg" /></sprite>
    <sprite name="crab"><image file="images/bonus/crab.jpg" /></sprite>
    <sprite name="dingo"><image file="images/bonus/dingo.jpg" /></sprite>
    <sprite name="dog"><image file="images/bonus/dog.jpg" /></sprite>
    <sprite name="dogs"><image file="images/bonus/dogs.jpg" /></sprite>
    <sprite name="droid"><image file="images/bonus/droid.jpg" /></sprite>
    <sprite name="droid2"><image file="images/bonus/droid2.jpg" /></sprite>
    <sprite name="endo"><image file="images/bonus/endo.jpg" /></sprite>
    <sprite name="enemy1"><image file="images/bonus/enemy1.jpg" /></sprite>
    <sprite name="enemy2"><image file="images/bonus/enemy2.jpg" /></sprite>
    <sprite name="enemy3"><image file="images/bonus/enemy3.jpg" /></sprite>
    <sprite name="enemy4"><image file="images/bonus/enemy4.jpg" /></sprite>
    <sprite name="enemy5"><image file="images/bonus/enemy5.jpg" /></sprite>
    <sprite name="enemy6"><image file="images/bonus/enemy6.jpg" /></sprite>
    <sprite name="enemy7"><image file="images/bonus/enemy7.jpg" /></sprite>
    <sprite name="fish"><image file="images/bonus/fish.jpg" /></sprite>
    <sprite name="flyby"><image file="images/bonus/flyby.jpg" /></sprite>
    <sprite name="gun"><image file="images/bonus/gun.jpg" /></sprite>
    <sprite name="gun2"><image file="images/bonus/gun2.jpg" /></sprite>
    <sprite name="jolly"><image file="images/bonus/jolly.jpg" /></sprite>
    <sprite name="lava"><image file="images/bonus/lava.jpg" /></sprite>
    <sprite name="mech"><image file="images/bonus/mech.jpg" /></sprite>
    <sprite name="mech2"><image file="images/bonus/mech2.jpg" /></sprite>
    <sprite name="mech3"><image file="images/bonus/mech3.jpg" /></sprite>
    <sprite name="morph"><image file="images/bonus/morph.jpg" /></sprite>
    <sprite name="morph2"><image file="images/bonus/morph2.jpg" /></sprite>
    <sprite name="plant"><image file="images/bonus/plant.jpg" /></sprite>
    <sprite name="plant2"><image file="images/bonus/plant2.jpg" /></sprite>
    <sprite name="plant3"><image file="images/bonus/plant3.jpg" /></sprite>
    <sprite name="plant4"><image file="images/bonus/plant4.jpg" /></sprite>
    <sprite name="plant5"><image file="images/bonus/plant5.jpg" /></sprite>
    <sprite name="pod"><image file="images/bonus/pod.jpg" /></sprite>
    <sprite name="qual"><image file="images/bonus/qual.jpg" /></sprite>
    <sprite name="robo"><image file="images/bonus/robo.jpg" /></sprite>
    <sprite name="rollbot"><image file="images/bonus/rollbot.jpg" /></sprite>
    <sprite name="room"><image file="images/bonus/room.jpg" /></sprite>
    <sprite name="roto"><image file="images/bonus/roto.jpg" /></sprite>
    <sprite name="runner"><image file="images/bonus/runner.jpg" /></sprite>
    <sprite name="skeleton"><image file="images/bonus/skeleton.jpg" /></sprite>
    <sprite name="spike"><image file="images/bonus/spike.jpg" /></sprite>
    <sprite name="starter"><image file="images/bonus/starter.jpg" /></sprite>
    <sprite name="steam"><image file="images/bonus/steam.jpg" /></sprite>
    <sprite name="steam2"><image file="images/bonus/steam2.jpg" /></sprite>
    <sprite name="stone"><image file="images/bonus/stone.jpg" /></sprite>
    <sprite name="turtle"><image file="images/bonus/turtle.jpg" /></sprite>
    <sprite name="turtle1"><image file="images/bonus/turtle1.jpg" /></sprite>
    <sprite name="walker"><image file="images/bonus/walker.jpg" /></sprite>
    <sprite name="walkinggun"><image file="images/bonus/walkinggun.jpg" /></sprite>
    <sprite name="wallgen"><image file="images/bonus/wallgen.jpg" /></sprite>
    <sprite name="waterrunner"><image file="images/bonus/waterrunner.jpg" /></sprite>
  </section>  

  <sprite name="bonus_end"><image file="images/bonus/bonus_end.jpg" /></sprite>

</resources>
